{
    "intents": [
      {
        "tag": "greeting",
        "patterns": ["Hello!", "Hi there!", "Good morning!", "How can I assist you today?"],
        "responses": ["Hello! Welcome to our hospital. How can I help you today?"]
      },
      {
        "tag": "appointment_booking",
        "patterns": ["I'd like to schedule an appointment.", "Can you help me book an appointment?"],
        "responses": ["Of course! Which department or doctor would you like to book an appointment with?"]
      },
      {
        "tag": "hospital_services",
        "patterns": ["What services does the hospital offer?", "Do you have emergency services?"],
        "responses": ["We offer a wide range of medical services including emergency care, surgeries, diagnostics, and more. How can I assist you further?"]
      },
      {
        "tag": "insurance_queries",
        "patterns": ["Does the hospital accept my insurance?", "Can I get information about billing?"],
        "responses": ["Yes, we accept most major insurance plans. For billing inquiries, you can visit our billing department or contact them at [phone number]."]
      },
      {
        "tag": "visitor_information",
        "patterns": ["What are the visiting hours?", "Is there parking available?"],
        "responses": ["Visiting hours are from [start time] to [end time]. We also have parking facilities available near the hospital entrance."]
      },
      {
        "tag": "medical_records_requests",
        "patterns": ["How can I request my medical records?", "Can I access my records online?"],
        "responses": ["You can request your medical records by filling out a form at our medical records department. Unfortunately, we do not offer online access to medical records at this time."]
      },
      {
        "tag": "general_inquiries",
        "patterns": ["What are the hospital's hours?", "Who should I contact in an emergency?"],
        "responses": ["The hospital is open 24/7. In case of an emergency, please dial 911 or go to the nearest emergency room."]
      },
      {
        "tag": "feedback_and_suggestions",
        "patterns": ["I'd like to provide feedback.", "How can I share my thoughts about the hospital?"],
        "responses": ["We appreciate your feedback! You can provide feedback by filling out a form available at the front desk or by emailing us at [email address]."]
      },
      {
        "tag": "directions_and_wayfinding",
        "patterns": ["How do I get to [specific department]?", "Can you provide directions to the nearest restroom?"],
        "responses": ["Sure! [Provide directions to the specified location]."]
      },
      {
        "tag": "hospital_facilities",
        "patterns": ["Where is the nearest elevator?", "Is there a cafeteria in the hospital?"],
        "responses": ["The nearest elevator is located [provide location details]. We also have a cafeteria on the [specify floor]."]
      },
      {
        "tag": "specialty_department_inquiries",
        "patterns": ["Do you have a [specific specialty] department?", "Can I speak to someone in the cardiology department?"],
        "responses": ["Yes, we have a dedicated [specialty] department. I can connect you with someone from that department."]
      },
      {
        "tag": "prescription_refills",
        "patterns": ["I need to refill my prescription.", "Can you help me with prescription refills?"],
        "responses": ["Sure, please provide your prescription details, and we'll assist you with the refill process."]
      },
      {
        "tag": "patient_registration_assistance",
        "patterns": ["How do I register as a new patient?", "I need help with patient registration."],
        "responses": ["We can assist you with patient registration. Please provide your personal information, and we'll guide you through the process."]
      },
      {
        "tag": "health_insurance_enrollment",
        "patterns": ["Can I enroll in health insurance through the hospital?", "Do you offer assistance with health insurance enrollment?"],
        "responses": ["Yes, we provide assistance with health insurance enrollment. Please visit our enrollment desk for more information."]
      },
      {
        "tag": "health_and_wellness_programs",
        "patterns": ["Are there any health and wellness programs available?", "Can you recommend any fitness programs?"],
        "responses": ["We offer various health and wellness programs, including fitness classes, nutrition workshops, and support groups. Would you like more information?"]
      }
    ]
  }
